{
  "images": [
    {
      "orientation": "portrait",
      "extent": "full-screen",
      "minimum-system-version": "7.0",
      "scale": "2x",
      "size": "0x0",
      "idiom": "iphone"
    },
    {
      "orientation": "portrait",
      "extent": "full-screen",
      "minimum-system-version": "7.0",
      "subtype": "retina4",
      "scale": "2x",
      "size": "0x0",
      "idiom": "iphone"
    },
    {
      "orientation": "portrait",
      "extent": "full-screen",
      "minimum-system-version": "7.0",
      "scale": "1x",
      "size": "0x0",
      "idiom": "ipad"
    },
    {
      "orientation": "landscape",
      "extent": "full-screen",
      "minimum-system-version": "7.0",
      "scale": "1x",
      "size": "0x0",
      "idiom": "ipad"
    },
    {
      "orientation": "portrait",
      "extent": "full-screen",
      "minimum-system-version": "7.0",
      "scale": "2x",
      "size": "0x0",
      "idiom": "ipad"
    },
    {
      "orientation": "landscape",
      "extent": "full-screen",
      "minimum-system-version": "7.0",
      "scale": "2x",
      "size": "0x0",
      "idiom": "ipad"
    }
  ],
  "properties": {},
  "info": {
    "version": 1,
    "author": ""
  }
}